{"Kazakhstan": [48.1012954, 66.7780818], "Congo": [-2.9814344, 23.8222636], "Ireland": [52.865196, -7.9794599], "0.25": [53.82281705, 22.361557548220524], "Somalia": [8.3676771, 49.083416], "Ukraine": [49.4871968, 31.2718321], "Romania": [45.9852129, 24.6859225], "Armenia": [4.491976149999999, -75.74135085294314], "Saudi Arabia": [25.6242618, 42.3528328], "Cuba": [23.0131338, -80.8328748], "Iran": [32.6475314, 54.5643516], "Central African Republic": [7.0323598, 19.9981227], "Chad": [15.6134137, 19.0156172], "Haiti": [19.1399952, -72.3570972], "Benin": [9.5293472, 2.2584408], "Pakistan": [30.3308401, 71.247499], "North Korea": [40.3736611, 127.0870417], "Azerbaijan": [40.3936294, 47.7872508], "Samoa": [-13.7693895, -172.12005], "Guatemala": [15.5855545, -90.345759], "Japan": [36.5748441, 139.2394179], "Egypt": [26.2540493, 29.2675469], "Estonia": [58.7523778, 25.3319078], "eSwatini": [-26.5624806, 31.3991317], "United States": [39.7837304, -100.445882], "Singapore": [1.357107, 103.8194992], "Bangladesh": [24.4769288, 90.2934413], "Guinea": [10.7226226, -10.7083587], "Cote d'Ivoire": [7.9897371, -5.5679458], "Kosovo": [42.5869578, 20.9021231], "Viet Nam": [15.9266657, 107.9650855], "Poland": [52.215933, 19.134422], "Laos": [20.0171109, 103.378253], "Guinea-Bissau": [11.815215, -15.2351044], "Portugal": [39.6621648, -8.1353519], "Syria": [34.8147886, 38.42317811509885], "Venezuela": [8.0018709, -66.1109318], "Cameroon": [4.6125522, 13.1535811], "Jamaica": [18.1850507, -77.3947693], "Kuwait": [29.3796532, 47.9734174], "nan": [46.3144754, 11.0480288], "Yemen": [16.3471243, 47.8915271], "Taiwan": [23.5983227, 120.83537694479215], "Luxembourg": [49.6112768, 6.129799], "Finland": [63.2467777, 25.9209164], "Marshall Islands": [8.9995549, 168.0002575], "Turkmenistan": [39.3763807, 59.3924609], "Belgium": [50.6402809, 4.6667145], "Togo": [8.7800265, 1.0199765], "Bahrain": [26.030093, 50.553336789123236], "Sudan": [34.0678644, -102.524362], "Yemen Arab Republic (North Yemen)": [0, 0], "Norway": [64.5731537, 11.52803643954819], "Palau": [42.5717989, 2.9600905], "Niger": [17.7356214, 9.3238432], "Philippines": [12.7503486, 122.7312101], "New Zealand": [-41.5000831, 172.8344077], "Brunei": [4.4137155, 114.5653908], "Spain": [39.3260685, -4.8379791], "Algeria": [28.0000272, 2.9999825], "Katanga": [-10.51971805, 27.843280398048478], "Ecuador": [-1.3397668, -79.3666965], "Namibia": [-23.2335499, 17.3231107], "Uruguay": [-32.8755548, -56.0201525], "Djibouti": [11.8145966, 42.8453061], "Yugoslavia": [23.04123655, -81.52614194734898], "Tanzania": [-6.5247123, 35.7878438], "Czechoslovakia": [48.257918, 14.5007688], "Austria": [47.59397, 14.12456], "Albania": [5.7587654, -73.9151617], "Zambia": [-14.5189121, 27.5589884], "Equatorial Guinea": [1.613172, 10.5170357], "Jordan": [44.6663146, -93.6261918], "Panama": [8.559559, -81.1308434], "Soviet Union": [44.566633350000004, 27.359792969682104], "Mongolia": [46.8250388, 103.8499736], "United Kingdom": [54.7023545, -3.2765753], "Tuvalu": [-8.6405212, 179.1582918181797], "Solomon Islands": [-8.7053941, 159.1070693851845], "South Korea": [36.638392, 127.6961188], "Croatia": [45.3658443, 15.6575209], "Afghanistan": [33.7680065, 66.2385139], "Bosnia-Herzegovina": [44.3053476, 17.5961467], "Fiji": [-18.1239696, 179.0122737], "South Africa": [-28.8166236, 24.991639], "Colombia": [4.099917, -72.9088133], "Thailand": [14.8971921, 100.83273], "Cabo Verde": [16.0000552, -24.0083947], "Gambia": [13.470062, -15.4900464], "Eritrea": [15.9500319, 37.9999668], "Latvia": [56.8406494, 24.7537645], "Palestine": [31.7621153, -95.6307891], "Montenegro": [-29.6826112, -51.4687455], "Australia": [-24.7761086, 134.755], "France": [46.603354, 1.8883335], "India": [22.3511148, 78.6677428], "Burundi": [-3.426449, 29.9324519], "Slovakia": [48.7411522, 19.4528646], "Lesotho": [-29.6039267, 28.3350193], "Georgia": [32.3293809, -83.1137366], "Indonesia": [-2.4833826, 117.8902853], "Mauritania": [20.2540382, -9.2399263], "Morocco": [28.3347722, -10.371337908392647], "Israel": [30.8124247, 34.8594762], "Tajikistan": [38.6281733, 70.8156541], "Gabon": [-0.8999695, 11.6899699], "Uzbekistan": [41.32373, 63.9528098], "Lithuania": [55.3500003, 23.7499997], "Ethiopia": [10.2116702, 38.6521203], "South Sudan": [7.8699431, 29.6667897], "Mali": [16.3700359, -2.2900239], "Senegal": [14.4750607, -14.4529612], "Timor-Leste": [-8.7443169, 126.063482], "Nicaragua": [12.6090157, -85.2936911], "Cyprus": [34.9174159, 32.889902651331866], "Sierra Leone": [8.6400349, -11.8400269], "Belarus": [53.4250605, 27.6971358], "DR Congo": [-2.9814344, 23.8222636], "Kyrgyzstan": [41.5089324, 74.724091], "Lebanon": [40.375713, -76.4626118], "Hungary": [47.1817585, 19.5060937], "Mexico": [19.4326296, -99.1331785], "Mauritius": [-20.2759451, 57.5703566], "Trinidad and Tobago": [10.7466905, -61.0840075], "El Salvador": [13.8000382, -88.9140683], "Mozambique": [-19.302233, 34.9144977], "Germany": [51.1638175, 10.4478313], "Belize": [17.1204943, -88.6859028], "Madagascar": [-18.9249604, 46.4416422], "Brazil": [-10.3333333, -53.2], "South Vietnam": [52.5398428, 13.4117863], "Russia": [64.6863136, 97.7453061], "Ghana": [8.0300284, -1.0800271], "Dominican Republic": [19.0974031, -70.3028026], "Suriname": [4.1413025, -56.0771187], "Malaysia": [4.5693754, 102.2656823], "Bhutan": [27.549511, 90.5119273], "Libya": [26.8234472, 18.1236723], "Costa Rica": [10.2735633, -84.0739102], "Botswana": [-23.1681782, 24.5928742], "Czechia": [49.7439047, 15.3381061], "Guyana": [4.8417097, -58.6416891], "Micronesia": [8.6062347, 151.832744331612], "Papua New Guinea": [-5.6816069, 144.2489081], "Iraq": [33.0955793, 44.1749775], "Cambodia": [12.5433216, 104.8144914], "Sri Lanka": [7.5554942, 80.7137847], "Rwanda": [-1.9646631, 30.0644358], "China": [35.0000663, 104.999955], "Saint Vincent": [12.90447, -61.2765569], "Kiribati": [0.3448612, 173.6641773], "Uganda": [1.5333554, 32.2166578], "Sweden": [59.6749712, 14.5208584], "Bolivia": [-17.0568696, -64.9912286], "East Germany (GDR)": [0, 0], "Iceland": [64.9841821, -18.1059013], "Malawi": [-13.2687204, 33.9301963], "Qatar": [25.3336984, 51.2295295], "Nigeria": [9.6000359, 7.9999721], "South Yemen": [51.4950672, -0.17866131352229594], "Myanmar": [17.1750495, 95.9999652], "Netherlands": [52.2434979, 5.6343227], "Canada": [61.0666922, -107.991707], "Angola": [-11.8775768, 17.5691241], "Maldives": [3.7203503, 73.2244152], "Switzerland": [46.7985624, 8.2319736], "Liberia": [5.7499721, -9.3658524], "Tonga": [-19.9160819, -175.202642], "Paraguay": [-23.3165935, -58.1693445], "Slovenia": [46.1199444, 14.8153333], "Serbia": [44.024322850000004, 21.07657433209902], "Denmark": [55.670249, 10.3333283], "Zimbabwe": [-18.4554963, 29.7468414], "Bulgaria": [42.6073975, 25.4856617], "North Macedonia": [41.6171214, 21.7168387], "Kenya": [1.4419683, 38.4313975], "Burkina Faso": [12.0753083, -1.6880314], "Honduras": [15.2572432, -86.0755145], "3": [40.64448982067671, -91.1722324105644], "Nepal": [28.3780464, 83.9999901], "North Yemen": [23.604173199999998, 58.436753880263765], "UAE": [24.0002488, 53.9994829], "Argentina": [-34.9964963, -64.9672817], "Comoros": [-12.2045176, 44.2832964], "Vanuatu": [-16.5255069, 168.1069154], "Chile": [-31.7613365, -71.3187697], "Antigua and Barbuda": [17.2234721, -61.9554608], "Malta": [35.8885993, 14.4476911], "Peru": [-6.8699697, -75.0458515], "Tunisia": [36.8002068, 10.1857757], "Turkiye": [39.294076, 35.2316631], "Greece": [38.9953683, 21.9877132], "Italy": [42.6384261, 12.674297], "Biafra": [-0.1496686, 35.1927137], "Moldova": [47.2879608, 28.5670941], "Oman": [21.0000287, 57.0036901], "Bahamas": [24.7736546, -78.0000547], "Seychelles": [-4.6574977, 55.4540146]}